user_id,password,points,level,is_admin,is_guide
test1,pwd,1100,1,False,False
op_53dc3a,pass123,100,1,False,False
op_da6764,pass123,100,1,False,False
op_714eb8,pass123,100,1,False,False
op_c29900,pass123,100,1,False,False
op_b08cf6,pass123,100,1,False,False
op_4096ce,pass123,100,1,False,False
op_62d2ca,pass123,100,1,False,False
op_9fb91f,pass123,100,1,False,False
op_28d99a,pass123,100,1,False,False
op_88453a,pass123,100,1,False,False
op_e941bb,pass123,100,1,False,False
op_96b471,pass123,100,1,False,False
op_6c7688,pass123,100,1,False,False
op_a2b5bb,pass123,100,1,False,False
op_a432d3,pass123,100,1,False,False
op_b24668,pass123,100,1,False,False
op_d7fa48,pass123,100,1,False,False
op_648060,pass123,100,1,False,False
op_8d5a22,pass123,100,1,False,False
op_c50699,pass123,100,1,False,False
op_cb3c7e,pass123,100,1,False,False
op_7726ce,pass123,100,1,False,False
op_07957e,pass123,100,1,False,False
op_4a6123,pass123,100,1,False,False
op_834ca1,pass123,100,1,False,False
